model,repeat,macro_auroc,micro_auroc,macro_auprc,brier,ece_10,macro_f1_0_5
BR-LR,1,0.6693136379155883,0.7339919996318648,0.1785740696641469,0.17001064857880502,0.2438370235195825,0.21976681685046082
BR-LR,2,0.6760395645469384,0.7360568768981973,0.17257760423542737,0.17108797194013772,0.2452803528039208,0.21987395744718494
BR-LR,3,0.6704753839875034,0.7324449440565877,0.17020792588609093,0.17101063200197758,0.24404191850090506,0.21403960934832056
BR-LR,4,0.6738453711022313,0.7360438606870982,0.17333650623694954,0.1704274023872056,0.24413444336076293,0.22375800699615409
BR-LR,5,0.6821405928304043,0.740574784049225,0.1779931535364434,0.16978259882321556,0.24405392409628116,0.21941696490046736
BR-XGBoost,1,0.6419247889417053,0.7553652263374485,0.17850155594458106,0.09096352995967728,0.10492101951929016,0.19765749779416222
BR-XGBoost,2,0.6592835452516509,0.761349938863251,0.17934589025943723,0.09080936157468085,0.10465041086499838,0.1915635841456639
BR-XGBoost,3,0.6387402334849045,0.7558503267200463,0.17524307216941426,0.09141672340922033,0.10506018107008798,0.18417344369416921
BR-XGBoost,4,0.6372087751448147,0.7566999467518636,0.1702793418124183,0.09093125639773668,0.1037980060096315,0.1949517968942124
BR-XGBoost,5,0.6476523089270176,0.7597561596918182,0.17294526520730824,0.09165824084057417,0.10533510474183584,0.19048609831015684
BR-LightGBM,1,0.6548374903266306,0.765733049343273,0.17985677726923077,0.0813366416153968,0.07855346590910216,0.19217847081070594
BR-LightGBM,2,0.6539300265782769,0.7685635493498468,0.1805603259839695,0.08111383349320797,0.0776997852615537,0.18714091425947574
BR-LightGBM,3,0.6447563099046775,0.7634047252790597,0.17609232570696132,0.08176980803473477,0.07937448149669472,0.18524272813158782
BR-LightGBM,4,0.6501466035296548,0.7657945476537951,0.17610789488469783,0.08153480589146306,0.0775872734591656,0.1692601070156963
BR-LightGBM,5,0.6588148565972402,0.7694883577222944,0.18202968651168291,0.0817886223150349,0.07832883761487472,0.19190811210581074
BR-CatBoost,1,0.6551987002043447,0.7172037990244415,0.17593931448602088,0.17097224159839275,0.31209239264317773,0.20759244557354473
BR-CatBoost,2,0.663713016563067,0.7258055259732576,0.18324541855806367,0.16971736530794854,0.31028435231737356,0.2222894343308434
BR-CatBoost,3,0.6461709864397787,0.7044687183633758,0.17976491725943752,0.17671020236761678,0.318097880402783,0.2153349383944012
BR-CatBoost,4,0.6510682234652119,0.7132919345508093,0.17651759990972674,0.17646423939357767,0.3208700940871351,0.20937931706188814
BR-CatBoost,5,0.6596853056170411,0.7096033506882815,0.19128756649958312,0.18419239215789457,0.33452100318363237,0.22254958156408858
ECC-LightGBM,1,0.6609761387453595,0.7785217397020735,0.18580574135959563,0.06409003649578145,0.027559427030597227,0.07815955917629262
ECC-LightGBM,2,0.6699408122709465,0.7816886561748116,0.18590340950076079,0.06408245688554222,0.02829793569322819,0.07496078890724832
ECC-LightGBM,3,0.6570508665275562,0.7778776673371989,0.18139686248108944,0.06419791426263975,0.028285806169074754,0.08119976908186743
ECC-LightGBM,4,0.6603233653312756,0.7813918799879042,0.18630678759077743,0.06384858601903043,0.02652373472290845,0.0768046104194156
ECC-LightGBM,5,0.6718019103183458,0.7822743856742791,0.18715149100102665,0.06423198082692262,0.028356683023465414,0.07773962235004532
LP-RF,1,0.6977004863550745,0.7875245861765208,0.19341708345301997,0.06386614495699573,0.021772171793803682,0.0371715487814559
LP-RF,2,0.7005034339620627,0.7896058323143875,0.19710522317865584,0.06369879571261611,0.02260514199986337,0.04080352188398689
LP-RF,3,0.7012162266605086,0.7876823255630497,0.1954042220160205,0.06368045957153311,0.023424138505909877,0.03838602508774149
LP-RF,4,0.6915865723933182,0.786740622411549,0.18844639037475439,0.06372492342819802,0.022517859711827886,0.03858518613351541
LP-RF,5,0.7057262348648741,0.7896076072522648,0.19651687108382357,0.06357495614854972,0.023082418341062907,0.0411432175209265
RAkEL-RF,1,0.6982070461915848,0.789075355973652,0.20309687360151454,0.06347390172264324,0.020003852430882915,0.04411881977671452
RAkEL-RF,2,0.6863350658668493,0.7872271526052144,0.19567463092489168,0.06355105776483924,0.01814383480222753,0.04516530745516121
RAkEL-RF,3,0.6887436849729988,0.7867371054050145,0.19125141940029178,0.06351748605160223,0.01880155865519795,0.04495726495726495
RAkEL-RF,4,0.6953313203939492,0.7876521187499178,0.19132347208391456,0.06340591032526435,0.019366267160595713,0.04691268235095708
RAkEL-RF,5,0.7001347447757187,0.7912085683482559,0.20174210955775118,0.0631144274797219,0.020047714236091203,0.0476460578559274
Shared-MLP,1,0.6856686969842275,0.7378604767351662,0.17224637638302784,0.1777511848324852,0.2907289230514753,0.21834406026036465
Shared-MLP,2,0.6925200184154116,0.7420567914382257,0.17783222731330708,0.17419621266823296,0.28387397949272725,0.21863734797878412
Shared-MLP,3,0.6785090078229651,0.7328287415033068,0.1717303245437718,0.1786481043136589,0.2894986908862291,0.21557717835418178
Shared-MLP,4,0.6842930047643399,0.74581032487937,0.17643489261457732,0.17297901444198518,0.28265223914139714,0.21937214902776936
Shared-MLP,5,0.6870253452258578,0.7436474973375934,0.1759791000098062,0.1743998546878341,0.2848248635745928,0.2165361250752622
MultiTask-DNN,1,0.680648992974637,0.7325227126309838,0.17457248508853063,0.17911523095289422,0.2907695205240857,0.2174148423824951
MultiTask-DNN,2,0.6875256250138267,0.7412140246387673,0.17856400316856036,0.1731625190977242,0.2777501446697097,0.21919583619661295
MultiTask-DNN,3,0.6769583560245983,0.731228076230295,0.16850945902945566,0.17801477443374156,0.28872114743556715,0.21280867899602895
MultiTask-DNN,4,0.6805523206526675,0.7434902181201435,0.17496846674280075,0.17500531151030066,0.2813067731471256,0.21725022361223925
MultiTask-DNN,5,0.6831739938008874,0.7407920167238592,0.1829905293638269,0.17023403574189447,0.2704129864519968,0.21687251917365455
TabPFN,1,0.6877293353691303,0.799900751390368,0.20426759626994037,0.06179627106307805,0.014343216273595248,0.07487451853221694
TabPFN,2,0.6933370038987988,0.8009425906204394,0.20508287664302063,0.06186074948833369,0.016436726026618362,0.07103303621339695
TabPFN,3,0.6889421714240096,0.7996090863671622,0.20047463699964677,0.0620759448058617,0.017533511550078113,0.07386216580763211
TabPFN,4,0.6885993432343431,0.8002843844909872,0.20176834533835356,0.06173428468154427,0.01722083211887152,0.07496885647404518
TabPFN,5,0.6937988174293231,0.8035981606384517,0.21091180416552543,0.06154560825525413,0.01566264663766953,0.07318933815349966
Ensemble-LP-RF-TabPFN-Equal,1,0.7093782879293912,0.8012733207115529,0.21156483313264582,0.06209759776727007,0.01900289352362637,0.057786917583934984
Ensemble-LP-RF-TabPFN-Equal,2,0.713699012384196,0.8024653229729551,0.2130205088621796,0.06204083776643315,0.01764531070124695,0.060440452513351
Ensemble-LP-RF-TabPFN-Equal,3,0.7156372583642282,0.8008705412903141,0.20832851167913835,0.06211395975258695,0.019795015838594488,0.05983858362157687
Ensemble-LP-RF-TabPFN-Equal,4,0.7078330913333296,0.8004814354645734,0.2083142476683336,0.061995566394042474,0.02115214944330932,0.058337286527514236
Ensemble-LP-RF-TabPFN-Equal,5,0.7200846245849033,0.8045482454410392,0.21767471533162852,0.061800544930154626,0.01870756395856016,0.05922917078579376
Ensemble-LP-RF-TabPFN-Weighted,1,0.709580880139908,0.8013626921205905,0.21172674462935726,0.06208842180651922,0.018759664433123543,0.058061658398299076
Ensemble-LP-RF-TabPFN-Weighted,2,0.7137083334500439,0.8025060479364703,0.21244363475424163,0.06203612971354745,0.017637753483780324,0.06083242751528326
Ensemble-LP-RF-TabPFN-Weighted,3,0.7157431184655839,0.8009900866432638,0.2082682563788879,0.062105234167465447,0.02020776556071147,0.06023421254663225
Ensemble-LP-RF-TabPFN-Weighted,4,0.7079143293539295,0.8005815551085341,0.2086400850449953,0.06198881780269789,0.02087832288450577,0.058337286527514236
Ensemble-LP-RF-TabPFN-Weighted,5,0.720233949505236,0.8046562865670072,0.21762715976098726,0.06179060076665498,0.018666060372111826,0.05922917078579376
