patient_row,repeat_1_outer_fold,repeat_2_outer_fold,repeat_3_outer_fold,repeat_4_outer_fold,repeat_5_outer_fold
0,4,4,4,3,4
1,4,1,0,4,0
2,3,3,2,1,1
3,4,0,0,2,1
4,4,4,0,1,2
5,1,4,4,2,1
6,3,2,0,2,4
7,0,2,4,2,3
8,1,0,2,4,4
9,2,0,2,1,2
10,1,1,4,4,1
11,4,2,1,2,0
12,3,4,1,1,2
13,0,1,1,2,4
14,2,2,2,3,3
15,3,2,3,4,4
16,2,2,2,4,0
17,4,2,4,2,0
18,1,4,0,1,0
19,2,1,1,2,2
20,1,0,1,1,3
21,0,3,1,2,0
22,4,1,4,0,3
23,2,4,2,0,3
24,0,3,1,3,0
25,1,2,3,0,4
26,1,4,4,2,2
27,1,3,2,0,4
28,4,3,0,0,3
29,0,2,2,2,2
30,1,2,3,1,4
31,3,2,2,2,0
32,1,1,3,1,4
33,3,4,4,2,2
34,3,3,2,1,1
35,3,1,1,3,3
36,0,1,2,2,2
37,4,3,4,2,0
38,3,4,0,2,4
39,1,4,1,4,0
40,0,1,0,0,1
41,2,3,1,4,2
42,3,2,4,1,0
43,1,3,2,4,2
44,4,0,2,4,1
45,1,1,1,3,3
46,0,2,4,3,4
47,3,1,3,3,1
48,1,2,1,4,1
49,3,1,1,2,3
50,3,2,2,4,0
51,1,1,4,2,1
52,1,1,2,0,2
53,3,2,2,1,1
54,4,3,4,3,1
55,4,4,2,2,1
56,3,3,1,3,2
57,0,2,1,0,0
58,4,2,1,4,2
59,4,1,0,0,0
60,4,3,2,4,2
61,1,0,4,2,2
62,1,4,1,2,0
63,1,1,3,4,2
64,2,2,2,4,0
65,2,2,3,3,4
66,1,3,3,1,3
67,3,3,2,2,4
68,4,2,2,0,4
69,2,2,3,2,1
70,3,3,2,2,4
71,3,4,4,3,3
72,2,0,2,1,3
73,1,0,4,2,1
74,4,1,2,4,1
75,3,3,2,1,0
76,4,2,0,0,3
77,2,4,2,3,2
78,2,3,3,0,1
79,2,0,0,2,0
80,1,3,1,4,3
81,0,0,2,3,4
82,0,3,1,4,1
83,2,0,1,2,3
84,1,0,3,0,0
85,1,4,4,0,1
86,0,4,1,0,2
87,4,0,0,3,0
88,0,4,2,4,0
89,2,4,0,1,1
90,1,2,1,1,0
91,4,4,2,3,0
92,4,4,1,1,4
93,0,0,4,2,3
94,2,1,3,1,0
95,3,1,0,1,3
96,3,4,1,1,3
97,3,1,3,2,0
98,0,1,2,2,3
99,2,0,0,2,3
100,4,4,1,0,2
101,3,0,3,1,3
102,0,0,2,1,0
103,1,2,0,0,2
104,2,2,0,4,1
105,0,1,2,4,2
106,4,3,3,0,0
107,3,2,0,4,1
108,1,4,0,1,1
109,0,4,2,3,4
110,4,0,2,3,4
111,4,2,2,0,3
112,1,4,2,3,2
113,1,1,4,3,1
114,0,2,2,2,3
115,2,4,0,0,3
116,4,3,2,3,1
117,0,4,4,4,2
118,0,1,1,0,2
119,0,0,0,4,3
120,0,4,1,4,0
121,4,1,4,1,1
122,4,0,0,3,0
123,2,4,4,0,2
124,3,1,4,3,3
125,3,3,0,4,4
126,3,1,0,1,1
127,4,3,4,0,1
128,3,3,1,1,4
129,2,3,4,1,1
130,1,4,4,4,2
131,4,3,3,0,1
132,3,2,1,3,2
133,3,2,2,4,3
134,4,1,2,1,3
135,4,3,1,4,3
136,1,1,1,0,3
137,0,4,2,2,1
138,3,4,1,1,3
139,0,2,3,0,1
140,1,0,4,1,0
141,4,0,0,0,4
142,1,0,2,3,0
143,3,0,1,1,1
144,0,0,2,2,4
145,4,4,4,3,3
146,4,0,0,0,3
147,3,4,3,4,2
148,3,3,4,2,0
149,3,1,3,3,4
150,2,4,2,1,0
151,1,3,4,2,3
152,1,4,2,1,0
153,2,3,2,0,1
154,1,4,2,4,3
155,2,4,4,4,1
156,4,3,0,3,1
157,0,2,4,4,1
158,1,4,2,3,1
159,3,4,3,3,0
160,1,3,1,3,2
161,2,1,1,4,0
162,2,4,4,3,2
163,0,0,4,0,1
164,3,2,4,1,3
165,4,3,0,4,2
166,1,3,0,3,4
167,4,3,0,1,4
168,4,1,4,4,2
169,2,2,0,0,0
170,4,2,2,1,2
171,4,1,1,4,0
172,2,0,2,0,2
173,0,4,1,1,2
174,0,0,3,3,2
175,3,1,2,3,0
176,3,3,3,0,2
177,1,3,0,3,2
178,0,1,4,0,0
179,0,1,3,2,3
180,1,0,4,3,0
181,4,0,2,1,1
182,2,4,1,0,2
183,1,0,3,1,0
184,1,4,0,1,1
185,0,2,3,1,3
186,1,0,1,1,3
187,2,4,2,1,3
188,4,3,2,2,4
189,0,4,2,3,2
190,2,0,1,3,0
191,0,4,2,4,3
192,0,2,0,2,3
193,3,0,3,2,2
194,1,1,3,2,0
195,3,1,0,1,1
196,3,3,4,0,1
197,2,2,1,3,0
198,3,2,2,0,3
199,4,4,0,0,1
200,2,0,2,0,2
201,4,2,1,4,2
202,4,1,4,3,2
203,4,4,3,4,1
204,2,0,3,0,4
205,2,1,0,4,2
206,1,0,4,2,4
207,3,3,0,4,0
208,3,1,3,3,0
209,3,3,3,3,1
210,3,4,4,3,0
211,4,2,0,4,1
212,0,4,0,2,0
213,4,0,1,1,4
214,4,1,4,3,0
215,2,4,1,2,2
216,2,3,2,3,3
217,1,3,3,0,1
218,1,2,2,1,0
219,0,3,1,3,3
220,3,0,2,4,1
221,3,4,3,0,0
222,3,2,2,3,1
223,3,1,2,3,3
224,1,1,0,2,1
225,2,3,4,1,0
226,2,4,1,3,0
227,4,4,3,1,1
228,1,4,3,1,0
229,0,2,3,4,1
230,0,2,3,2,3
231,1,0,2,1,0
232,3,4,0,1,3
233,4,4,4,3,4
234,1,2,0,3,1
235,0,0,1,0,3
236,2,2,0,3,0
237,3,4,1,0,0
238,2,0,1,4,2
239,0,0,3,3,4
240,4,3,3,2,0
241,0,2,0,1,0
242,1,1,0,3,1
243,2,1,0,4,3
244,1,0,0,3,1
245,3,2,1,2,3
246,1,2,0,4,2
247,3,1,2,2,2
248,1,4,3,2,0
249,4,4,4,3,1
250,3,0,2,3,3
251,1,2,1,3,3
252,1,0,3,0,1
253,2,1,0,2,2
254,2,0,0,1,2
255,1,1,3,0,2
256,0,4,3,3,1
257,0,4,1,0,1
258,3,1,3,2,0
259,3,4,1,3,0
260,2,2,2,1,2
261,1,3,1,2,1
262,2,2,4,4,3
263,0,0,0,2,0
264,2,3,0,4,2
265,3,3,0,3,1
266,4,4,3,4,3
267,3,0,1,2,1
268,4,1,4,1,3
269,2,0,0,0,4
270,0,1,1,4,1
271,2,3,1,2,1
272,1,0,3,1,3
273,1,0,4,4,2
274,1,0,1,2,0
275,4,1,3,0,0
276,4,4,4,1,1
277,3,0,3,2,4
278,3,3,1,3,4
279,3,0,0,0,0
280,2,0,4,0,4
281,4,4,3,2,4
282,3,3,3,2,2
283,1,2,3,1,2
284,2,3,4,3,4
285,2,0,0,1,0
286,4,2,2,2,2
287,1,3,2,3,3
288,1,4,4,0,4
289,2,2,2,0,1
290,2,1,4,2,1
291,0,1,2,2,2
292,2,1,4,2,0
293,4,0,4,0,2
294,1,4,3,2,2
295,3,1,1,2,2
296,1,0,0,0,4
297,2,1,2,1,3
298,4,4,1,0,2
299,3,3,1,4,2
300,3,3,2,3,2
301,0,3,3,3,2
302,0,0,1,3,0
303,4,0,1,2,2
304,3,0,0,3,0
305,3,1,4,3,0
306,3,1,1,0,3
307,3,1,0,1,3
308,2,3,0,1,3
309,2,2,1,3,1
310,3,0,2,0,1
311,4,0,4,1,2
312,4,0,3,4,2
313,3,3,3,3,0
314,0,2,1,3,4
315,4,1,2,1,4
316,1,3,4,1,4
317,2,2,3,3,1
318,3,3,3,0,1
319,0,4,1,0,3
320,3,3,3,1,4
321,0,3,1,3,4
322,2,3,3,4,0
323,0,2,4,3,3
324,0,1,2,4,1
325,1,4,3,3,2
326,0,3,1,3,2
327,2,4,4,4,4
328,2,0,3,3,1
329,0,1,1,4,2
330,2,2,0,1,0
331,2,0,1,4,3
332,0,3,3,4,4
333,3,4,3,1,1
334,0,2,4,2,1
335,0,4,3,0,1
336,3,4,3,3,0
337,4,3,1,1,4
338,1,1,2,4,1
339,3,4,0,4,4
340,1,1,4,0,3
341,3,2,3,4,0
342,3,1,0,4,1
343,2,4,1,0,4
344,4,1,4,4,2
345,4,3,1,1,0
346,0,2,0,2,2
347,1,4,2,3,3
348,0,3,1,4,4
349,1,4,4,0,3
350,3,2,1,1,3
351,3,1,2,0,3
352,1,2,3,3,0
353,4,4,1,1,2
354,3,2,4,1,4
355,2,1,2,4,1
356,4,1,1,4,1
357,3,1,1,3,0
358,4,3,3,2,3
359,3,2,0,3,0
360,4,0,4,2,0
361,4,0,3,2,4
362,4,4,0,4,1
363,3,0,0,0,3
364,3,2,4,0,0
365,3,1,2,2,4
366,1,3,1,1,2
367,1,0,3,4,1
368,1,3,2,0,4
369,4,4,1,2,0
370,3,1,0,1,0
371,3,0,0,2,2
372,2,1,1,2,2
373,0,4,0,1,4
374,0,1,2,0,4
375,3,0,1,3,3
376,0,1,0,4,0
377,4,1,4,3,2
378,2,1,1,3,0
379,1,4,0,1,1
380,3,1,0,1,0
381,2,2,4,2,2
382,4,2,4,0,3
383,4,0,2,1,3
384,0,4,1,4,3
385,1,1,2,0,3
386,4,1,1,1,3
387,1,3,0,3,3
388,2,2,3,0,3
389,0,2,2,3,3
390,3,4,0,1,0
391,2,1,0,1,0
392,4,2,2,4,4
393,4,2,2,2,0
394,1,2,4,0,0
395,4,1,4,0,2
396,1,1,3,2,0
397,0,2,2,2,1
398,2,4,3,2,2
399,2,2,2,1,4
400,1,1,2,0,2
401,2,4,1,2,1
402,3,3,2,1,0
403,2,3,0,1,4
404,0,2,4,3,1
405,2,0,4,3,1
406,1,4,0,3,2
407,1,3,0,0,2
408,3,0,4,3,3
409,3,2,4,4,2
410,3,1,1,1,3
411,4,2,4,2,0
412,2,2,3,4,3
413,3,1,3,3,2
414,4,4,3,1,0
415,2,4,1,0,0
416,1,0,3,4,3
417,1,1,4,3,1
418,1,1,1,0,2
419,3,3,2,2,2
420,0,2,0,0,3
421,0,2,2,2,1
422,4,0,4,3,2
423,4,0,4,2,1
424,1,2,2,1,1
425,4,3,2,3,1
426,2,2,2,2,2
427,2,3,2,2,4
428,0,4,2,0,4
429,3,3,0,1,2
430,0,0,4,2,4
431,2,1,2,0,2
432,0,4,2,3,1
433,0,4,3,1,4
434,1,4,3,1,3
435,4,4,4,4,3
436,2,1,0,4,1
437,2,1,0,3,3
438,1,2,3,3,3
439,1,0,2,2,2
440,4,1,0,4,0
441,0,1,3,4,1
442,0,4,4,0,3
443,0,3,2,2,0
444,0,0,1,0,2
445,0,3,3,1,2
446,3,4,3,2,0
447,0,2,1,3,1
448,4,4,0,2,2
449,1,4,3,3,0
450,4,4,4,0,2
451,0,0,0,2,4
452,4,4,0,4,0
453,3,4,3,0,4
454,4,0,0,2,1
455,2,4,0,0,4
456,0,2,1,2,3
457,1,2,1,1,2
458,0,3,3,4,3
459,0,3,1,1,0
460,3,4,2,2,4
461,0,0,4,3,0
462,1,1,1,3,1
463,3,0,2,3,0
464,1,2,2,2,4
465,2,0,4,0,0
466,4,4,2,4,0
467,2,4,4,4,2
468,4,1,4,0,1
469,1,1,4,1,4
470,0,4,4,2,3
471,2,4,3,3,0
472,4,0,3,4,3
473,0,4,0,1,1
474,4,2,3,3,4
475,1,0,1,4,4
476,1,2,4,0,2
477,3,3,0,0,3
478,3,2,1,0,0
479,2,2,1,3,1
480,2,0,1,2,4
481,1,2,4,1,4
482,2,1,3,3,4
483,3,0,2,4,4
484,2,4,4,2,1
485,0,1,2,4,3
486,1,1,0,2,3
487,1,0,0,3,4
488,1,0,0,2,2
489,4,2,1,0,3
490,3,4,3,2,3
491,4,1,4,3,2
492,3,4,0,0,4
493,2,3,1,0,3
494,0,3,0,0,1
495,3,4,2,4,1
496,1,4,0,3,2
497,0,3,0,1,2
498,4,3,0,4,4
499,2,2,4,1,4
500,4,2,1,4,3
501,4,3,0,1,0
502,2,1,1,2,2
503,2,0,2,3,2
504,4,1,1,1,3
505,4,0,4,2,4
506,0,2,1,3,2
507,2,1,2,0,3
508,3,3,0,4,3
509,0,3,3,2,0
510,2,3,0,1,3
511,3,2,4,0,3
512,4,4,0,2,1
513,3,4,3,4,1
514,1,1,1,1,3
515,1,0,3,2,2
516,2,2,4,4,0
517,3,1,1,0,1
518,4,2,3,0,3
519,4,1,3,3,1
520,1,0,4,3,4
521,2,2,4,4,0
522,3,2,0,3,2
523,4,4,3,0,4
524,0,1,3,4,0
525,4,2,4,0,1
526,0,1,3,4,1
527,0,0,3,3,1
528,0,1,0,0,1
529,0,3,4,0,0
530,3,3,0,1,0
531,0,2,2,0,3
532,2,4,2,1,0
533,0,2,2,4,1
534,1,0,3,4,3
535,3,3,0,1,4
536,2,2,4,2,0
537,0,0,2,0,4
538,1,2,1,3,1
539,4,4,3,4,4
540,0,4,3,3,4
541,3,4,3,3,0
542,3,0,0,0,2
543,2,2,3,2,0
544,3,2,4,4,1
545,1,3,2,0,1
546,1,4,1,4,1
547,4,1,0,2,1
548,3,3,2,4,3
549,0,1,1,4,0
550,4,4,2,0,4
551,4,4,2,3,1
552,2,2,3,2,0
553,0,0,4,4,3
554,0,1,2,0,0
555,4,3,3,1,0
556,4,1,2,1,0
557,0,3,0,1,4
558,2,1,1,1,4
559,1,4,1,0,1
560,2,1,1,1,2
561,0,0,1,2,0
562,4,2,3,4,4
563,3,3,1,2,0
564,3,0,2,0,2
565,0,0,0,4,1
566,3,4,0,1,4
567,4,4,4,0,4
568,0,2,0,4,2
569,2,0,0,1,4
570,0,4,2,3,2
571,0,1,4,4,1
572,4,3,0,2,3
573,2,1,4,2,0
574,0,4,4,2,3
575,3,4,2,2,3
576,0,4,2,2,0
577,1,1,1,2,1
578,0,1,3,4,2
579,4,0,4,4,3
580,3,1,1,2,3
581,1,3,3,2,2
582,4,4,0,0,4
583,3,3,2,3,0
584,1,2,3,2,1
585,3,4,1,0,3
586,0,4,3,1,4
587,4,0,0,2,1
588,3,3,2,4,4
589,4,4,3,2,1
590,1,4,0,2,3
591,3,2,0,4,0
592,2,3,2,3,3
593,2,1,0,0,3
594,4,1,4,0,1
595,4,4,4,4,1
596,3,2,1,0,2
597,2,4,3,0,2
598,1,2,4,2,2
599,1,3,3,4,3
600,0,3,1,2,1
601,2,0,2,0,1
602,4,3,2,4,1
603,4,2,4,1,3
604,1,4,1,0,4
605,2,2,0,1,0
606,3,4,2,4,4
607,1,2,1,1,0
608,4,0,3,4,3
609,4,3,0,2,4
610,2,0,3,3,2
611,3,4,4,3,0
612,0,3,3,0,2
613,1,3,0,4,0
614,1,4,0,3,3
615,4,0,1,0,4
616,1,3,3,0,3
617,2,0,3,4,1
618,2,1,1,4,3
619,4,4,3,1,3
620,1,1,3,2,3
621,0,4,3,0,0
622,2,0,2,1,0
623,2,3,0,0,0
624,2,3,1,4,4
625,0,0,3,1,1
626,4,1,0,3,1
627,3,3,3,0,1
628,0,3,4,3,3
629,1,2,3,2,3
630,4,0,3,2,1
631,3,1,4,2,2
632,2,1,4,0,4
633,2,0,1,0,4
634,0,3,0,1,2
635,3,0,0,0,4
636,4,2,3,3,1
637,0,3,0,2,2
638,4,4,3,2,3
639,3,0,4,1,0
640,2,1,4,1,3
641,0,4,2,4,1
642,1,0,4,3,1
643,1,2,3,1,2
644,4,2,2,0,4
645,3,2,4,0,0
646,4,0,0,4,3
647,4,0,4,2,4
648,2,2,0,4,4
649,1,4,3,2,0
650,2,1,0,2,4
651,3,0,4,0,2
652,4,1,3,1,4
653,0,3,0,2,4
654,4,4,2,2,4
655,4,0,2,1,0
656,1,1,1,4,1
657,0,2,2,4,2
658,0,1,1,4,4
659,3,4,0,4,4
660,4,3,2,1,2
661,2,1,3,1,0
662,3,1,3,2,4
663,3,3,3,2,3
664,1,1,4,1,0
665,0,0,0,3,2
666,4,0,1,0,3
667,0,0,4,1,0
668,0,2,4,3,3
669,3,1,4,2,0
670,0,3,1,4,3
671,4,0,1,2,4
672,0,4,1,4,2
673,4,0,4,0,1
674,2,3,3,0,3
675,3,2,0,1,3
676,0,2,3,4,2
677,4,3,3,1,4
678,4,3,3,0,4
679,4,3,3,0,3
680,4,3,3,3,4
681,3,0,0,4,4
682,0,1,4,2,0
683,1,2,3,0,0
684,0,0,1,0,2
685,3,4,1,2,0
686,2,1,0,4,3
687,4,4,4,0,1
688,3,4,3,1,1
689,3,0,1,1,3
690,2,4,1,4,0
691,2,2,3,2,3
692,4,2,2,2,1
693,0,1,3,4,4
694,4,3,4,0,4
695,1,4,4,1,4
696,1,0,2,3,1
697,2,2,4,2,0
698,0,2,2,4,2
699,3,1,2,1,2
700,0,1,0,4,4
701,1,0,1,4,1
702,3,3,3,4,0
703,0,2,2,0,2
704,0,4,3,1,4
705,3,0,4,2,3
706,3,1,2,4,0
707,4,3,2,2,0
708,0,0,3,4,1
709,1,2,0,0,1
710,1,2,2,3,2
711,2,2,1,1,0
712,4,0,0,3,1
713,1,3,1,0,3
714,1,0,1,3,1
715,3,3,1,2,0
716,3,3,3,0,4
717,1,0,3,4,4
718,1,3,0,1,2
719,1,0,3,1,1
720,3,1,1,4,3
721,3,3,2,4,2
722,2,3,2,4,4
723,2,1,0,4,2
724,0,0,1,2,2
725,3,4,3,1,4
726,4,3,4,3,3
727,2,2,1,1,4
728,1,1,3,1,4
729,0,4,4,0,0
730,2,4,2,3,1
731,0,1,1,3,1
732,0,4,4,0,3
733,3,0,1,1,4
734,0,3,4,0,4
735,0,2,3,4,2
736,3,0,4,3,1
737,3,0,3,4,4
738,2,0,4,0,4
739,4,2,1,1,0
740,0,0,2,4,0
741,0,1,1,0,2
742,2,4,2,0,4
743,2,4,0,3,4
744,3,2,3,4,2
745,4,1,2,1,3
746,4,0,0,4,2
747,2,2,0,1,1
748,2,2,3,4,2
749,4,4,2,0,0
750,1,2,4,4,1
751,2,2,3,4,2
752,2,3,0,2,3
753,0,3,3,3,2
754,3,0,4,0,3
755,4,0,3,0,1
756,3,4,3,3,1
757,3,2,2,4,4
758,0,4,4,3,2
759,1,4,2,1,4
760,2,1,1,0,3
761,2,3,4,0,0
762,0,1,1,4,3
763,1,1,4,4,1
764,2,1,4,3,0
765,0,2,1,1,3
766,2,3,3,4,1
767,2,3,0,1,2
768,1,2,4,0,1
769,2,1,3,1,4
770,0,1,3,0,3
771,3,1,2,3,2
772,4,3,2,0,3
773,0,3,3,1,4
774,1,2,2,0,4
775,0,3,1,3,3
776,0,3,2,0,3
777,1,0,3,2,3
778,3,1,1,3,2
779,4,1,4,1,1
780,0,1,2,2,3
781,1,3,0,2,3
782,0,4,2,3,2
783,3,2,0,3,3
784,3,3,4,3,1
785,4,4,3,2,3
786,0,3,1,2,2
787,2,4,0,0,1
788,1,1,2,0,4
789,1,4,4,4,3
790,3,4,1,4,3
791,3,3,0,1,2
792,4,0,0,1,4
793,0,1,3,2,0
794,1,1,1,2,2
795,1,4,1,3,1
796,0,2,0,4,3
797,0,1,0,2,0
798,1,2,0,1,0
799,0,4,1,4,2
800,1,4,4,0,3
801,2,4,4,2,3
802,2,3,3,1,0
803,1,2,4,0,2
804,2,3,1,4,4
805,1,3,1,4,1
806,3,3,2,3,3
807,1,0,4,1,2
808,0,4,1,4,3
809,3,4,0,2,4
810,0,3,4,2,2
811,2,3,1,3,2
812,2,0,2,0,0
813,1,3,4,0,4
814,2,4,3,0,2
815,0,4,3,1,2
816,4,3,3,4,2
817,0,0,4,3,0
818,2,1,0,1,4
819,0,2,3,3,3
820,2,0,4,0,3
821,3,1,3,0,2
822,2,3,2,1,0
823,4,3,0,4,1
824,0,3,2,0,0
825,1,1,1,2,2
826,0,1,3,3,0
827,3,3,4,2,4
828,1,1,2,3,4
829,2,0,2,0,0
830,4,3,2,3,4
831,2,0,1,2,3
832,1,2,3,1,4
833,1,4,1,4,4
834,2,3,0,3,0
835,1,3,1,3,2
836,4,4,4,4,3
837,3,3,3,3,3
838,4,4,0,4,3
839,2,1,4,1,2
840,1,2,0,2,0
841,1,4,0,3,0
842,3,1,1,2,1
843,4,1,0,3,4
844,2,2,4,2,3
845,1,2,3,2,2
846,1,4,2,3,4
847,0,3,2,3,3
848,0,1,1,2,1
849,2,3,3,2,2
850,4,2,0,3,0
851,3,2,3,3,4
852,4,4,0,4,4
853,1,0,3,0,0
854,3,0,4,0,3
855,4,3,3,1,1
856,1,4,2,4,4
857,3,1,1,2,2
858,3,1,4,4,3
859,3,0,3,1,0
860,2,3,1,3,0
861,2,0,1,1,3
862,1,0,0,1,0
863,4,2,1,3,4
864,3,3,1,1,2
865,1,0,4,1,0
866,0,2,3,1,4
867,1,0,2,0,0
868,0,2,0,2,4
869,2,2,2,4,3
870,0,3,2,2,4
871,4,1,2,4,4
872,0,2,0,0,3
873,1,3,4,2,0
874,3,1,1,1,4
875,0,3,3,1,1
876,4,2,2,1,3
877,1,0,2,0,3
878,1,1,2,2,2
879,4,0,0,4,2
880,0,2,3,4,1
881,1,1,2,1,0
882,4,4,2,4,3
883,4,3,0,3,4
884,3,3,2,3,0
885,3,1,3,4,0
886,1,2,0,0,0
887,3,3,1,1,2
888,3,4,3,0,4
889,4,3,0,3,3
890,0,4,2,3,4
891,2,2,2,4,0
892,1,4,1,2,0
893,1,4,1,0,2
894,4,4,4,0,1
895,0,1,0,1,1
896,0,2,2,2,2
897,2,3,1,1,0
898,4,2,3,3,1
899,4,1,3,3,0
900,0,3,1,3,2
901,1,3,1,4,0
902,2,4,4,1,2
903,3,3,3,4,1
904,1,4,0,0,4
905,0,0,2,3,4
906,0,2,1,1,4
907,0,0,0,1,4
908,0,2,2,4,3
909,2,0,1,3,3
910,3,4,2,1,2
911,0,4,1,2,4
912,3,1,4,2,1
913,3,4,2,0,2
914,1,0,4,4,1
915,1,1,4,2,2
916,4,3,0,2,1
917,3,0,2,0,2
918,3,2,4,3,4
919,3,0,2,0,3
920,0,1,2,3,3
921,3,2,1,4,4
922,4,4,0,0,1
923,4,1,2,2,0
924,2,1,3,1,3
925,0,0,2,4,2
926,3,0,0,4,4
927,3,4,1,0,2
928,4,4,1,2,4
929,4,2,0,3,4
930,4,1,2,0,0
931,2,2,0,2,3
932,4,1,4,1,1
933,4,4,4,0,2
934,1,4,3,4,1
935,0,1,3,2,1
936,0,2,0,4,0
937,4,1,4,2,0
938,4,2,0,2,4
939,1,0,0,3,3
940,2,0,0,0,0
941,1,4,4,3,1
942,0,0,2,2,1
943,1,3,3,4,3
944,4,4,0,0,0
945,3,3,1,1,2
946,0,2,1,3,3
947,1,1,0,2,3
948,2,0,3,4,4
949,4,0,4,4,4
950,0,3,4,2,3
951,4,2,3,1,0
952,4,4,3,3,3
953,1,4,2,1,4
954,2,3,4,4,0
955,2,0,2,3,3
956,1,2,3,2,1
957,1,0,4,3,0
958,3,2,1,3,1
959,4,0,0,0,1
960,1,2,3,2,4
961,2,3,2,1,2
962,0,0,1,1,0
963,3,1,1,0,1
964,0,0,0,3,2
965,4,0,4,0,1
966,2,1,2,4,2
967,1,3,0,2,2
968,2,0,2,1,4
969,2,2,1,0,4
970,4,3,0,0,1
971,4,3,4,1,2
972,4,1,4,0,3
973,2,1,1,3,2
974,1,4,0,3,2
975,2,1,3,3,1
976,3,4,4,2,4
977,4,2,2,0,3
978,3,2,2,1,2
979,0,0,0,4,4
980,1,2,4,4,0
981,3,2,0,3,4
982,2,1,4,0,3
983,4,2,4,3,3
984,4,3,2,1,1
985,1,1,3,0,4
986,2,3,2,3,2
987,2,2,0,4,2
988,1,2,3,2,4
989,4,0,0,1,1
990,2,0,4,3,0
991,3,1,4,0,1
992,2,3,1,2,4
993,3,4,0,3,2
994,0,3,3,3,3
995,2,3,1,1,4
996,0,3,4,4,2
997,0,1,1,2,0
998,3,1,3,0,4
999,0,4,4,0,4
1000,1,3,1,4,4
1001,0,0,4,4,0
1002,0,2,2,4,2
1003,1,3,1,2,4
1004,4,0,1,0,1
1005,2,0,2,3,4
1006,1,1,1,3,3
1007,0,4,4,0,3
1008,0,4,1,3,1
1009,1,1,1,0,4
1010,0,2,1,2,2
1011,4,2,3,0,4
1012,0,2,0,1,0
1013,1,3,0,3,0
1014,1,0,3,3,3
1015,1,4,0,0,1
1016,1,0,3,1,0
1017,2,2,4,2,1
1018,3,1,0,4,3
1019,3,3,3,0,4
1020,4,0,4,3,3
1021,2,2,3,0,4
1022,2,1,4,3,3
1023,3,3,1,1,1
1024,4,1,4,2,1
1025,0,2,0,1,2
1026,4,2,1,2,2
1027,4,0,3,3,3
1028,3,3,3,4,3
1029,3,0,4,4,0
1030,0,3,3,3,4
1031,0,4,3,1,0
1032,4,4,2,3,1
1033,2,4,0,2,0
1034,4,1,4,1,3
1035,3,0,0,1,3
1036,2,0,4,3,2
1037,0,0,4,3,4
1038,4,2,1,4,4
1039,2,2,0,2,3
1040,4,0,2,1,1
1041,2,3,1,4,0
1042,0,3,0,4,1
1043,4,2,0,4,4
1044,1,0,2,1,1
1045,4,0,0,2,4
1046,3,0,2,3,3
1047,3,1,2,1,1
1048,4,2,1,1,2
1049,3,1,1,2,3
1050,0,1,2,1,2
1051,4,1,0,4,3
1052,4,4,4,1,3
1053,4,1,4,3,4
1054,0,3,0,1,1
1055,4,0,3,1,1
1056,0,3,1,1,0
1057,2,0,2,1,2
1058,0,4,3,4,0
1059,3,1,2,0,2
1060,1,1,4,2,3
1061,1,2,3,0,3
1062,2,0,4,4,4
1063,3,1,1,0,1
1064,2,4,1,2,0
1065,1,1,2,3,4
1066,0,2,1,2,2
1067,1,3,1,0,0
1068,4,3,1,3,4
1069,3,0,2,2,4
1070,4,2,3,1,1
1071,3,2,1,1,4
1072,4,1,3,0,3
1073,2,1,3,4,2
1074,3,2,3,4,1
1075,4,0,3,4,0
1076,0,4,1,0,3
1077,0,2,2,2,4
1078,4,2,3,4,3
1079,0,2,0,3,4
1080,1,1,2,1,0
1081,2,4,4,1,3
1082,0,1,4,3,4
1083,3,0,2,4,1
1084,4,1,2,4,3
1085,0,2,4,0,3
1086,4,3,1,0,0
1087,4,1,4,3,3
1088,2,3,0,0,2
1089,1,4,1,2,1
1090,1,0,1,4,4
1091,3,2,0,2,0
1092,2,1,3,4,4
1093,4,3,3,4,4
1094,4,3,1,3,4
1095,0,1,0,1,1
1096,2,2,1,4,3
1097,2,4,2,4,3
1098,0,0,2,4,4
1099,2,0,0,2,2
1100,1,2,1,3,2
1101,3,4,3,4,2
1102,4,0,0,0,1
1103,3,2,1,3,0
1104,0,0,1,0,0
1105,3,1,4,4,1
1106,1,3,2,0,1
1107,0,4,2,4,4
1108,4,0,1,2,4
1109,0,2,4,2,1
1110,2,4,1,4,1
1111,3,4,3,2,3
1112,4,0,0,1,3
1113,2,3,1,3,3
1114,1,2,1,0,2
1115,4,0,1,1,0
1116,4,3,4,2,4
1117,1,1,1,4,4
1118,2,1,0,1,4
1119,3,4,2,4,2
1120,3,0,3,4,4
1121,2,2,3,4,0
1122,1,0,4,3,1
1123,1,0,2,1,2
1124,3,2,0,2,1
1125,3,1,2,0,2
1126,1,0,4,3,0
1127,0,0,2,3,4
1128,3,0,1,0,0
1129,3,2,0,1,1
1130,3,1,2,1,2
1131,3,4,3,3,4
1132,4,1,4,3,0
1133,3,3,3,2,3
1134,3,1,1,1,0
1135,3,4,0,4,1
1136,1,3,1,2,4
1137,2,2,4,0,4
1138,2,1,4,1,3
1139,3,3,3,0,2
1140,2,3,3,3,3
1141,1,1,0,1,4
1142,2,1,2,3,1
1143,1,1,0,3,1
1144,2,3,4,3,2
1145,3,0,4,0,4
1146,3,2,4,0,1
1147,2,0,2,1,4
1148,0,4,3,1,4
1149,1,4,3,2,0
1150,0,1,0,0,2
1151,1,3,3,2,0
1152,1,2,2,2,2
1153,3,0,2,2,0
1154,3,0,2,0,0
1155,1,3,1,0,3
1156,4,1,4,1,1
1157,2,4,1,3,0
1158,2,4,2,0,1
1159,3,0,1,4,3
1160,4,1,3,2,2
1161,2,0,2,2,2
1162,4,2,0,1,2
1163,0,4,1,0,1
1164,2,3,1,1,0
1165,1,0,0,0,0
1166,0,4,4,4,2
1167,0,1,2,0,3
1168,2,3,0,4,0
1169,2,1,2,1,4
1170,4,4,1,0,0
1171,4,0,4,0,2
1172,1,1,1,3,0
1173,3,4,0,0,1
1174,3,0,3,2,4
1175,4,0,2,2,2
1176,3,3,4,4,1
1177,1,0,3,3,4
1178,0,3,0,0,2
1179,1,1,3,4,0
1180,3,2,2,1,4
1181,3,2,0,3,2
1182,1,4,3,1,0
1183,2,2,2,4,1
1184,1,3,1,2,1
1185,3,0,0,2,3
1186,0,4,4,3,4
1187,3,3,4,0,2
1188,0,3,0,2,2
1189,1,1,0,0,2
1190,2,1,0,2,2
1191,2,4,2,2,0
1192,4,2,4,4,1
1193,1,0,4,3,0
1194,2,3,1,0,4
1195,3,2,4,2,1
1196,0,0,4,2,0
1197,2,1,2,1,3
1198,0,3,0,4,3
1199,1,1,3,2,2
1200,1,2,3,1,1
1201,2,2,4,4,1
1202,1,0,3,0,0
1203,2,3,0,3,2
1204,4,2,4,2,0
1205,3,3,0,0,1
1206,1,2,4,0,0
1207,2,1,4,2,3
1208,2,0,0,3,2
1209,1,1,1,4,4
1210,3,4,4,1,4
1211,4,4,0,3,4
1212,2,4,1,3,3
1213,2,2,4,2,0
1214,4,1,3,3,2
1215,0,3,2,4,1
1216,0,0,2,0,1
1217,4,2,4,0,3
1218,2,4,4,2,0
1219,2,3,2,0,4
1220,2,2,3,2,3
1221,3,3,3,4,3
1222,0,4,0,1,1
1223,1,4,4,3,1
1224,0,3,3,1,2
1225,2,1,3,2,0
1226,0,4,0,0,1
1227,3,3,0,3,3
1228,0,2,0,3,1
1229,4,0,2,4,2
1230,0,2,3,3,1
1231,4,4,1,2,1
1232,0,1,0,1,0
1233,3,0,3,1,0
1234,2,1,3,4,4
1235,4,3,2,2,2
1236,2,2,4,2,4
1237,4,3,0,2,1
1238,1,1,0,1,1
1239,2,4,0,0,2
1240,1,4,1,3,2
1241,0,1,1,2,3
1242,2,4,3,3,2
1243,2,4,1,0,3
1244,0,3,2,0,4
1245,2,3,1,2,0
1246,3,2,3,4,2
1247,0,2,2,4,1
1248,1,2,2,2,1
1249,2,4,4,2,0
1250,1,2,0,4,2
1251,0,3,4,1,1
1252,4,3,2,3,3
1253,3,0,3,1,1
1254,2,4,4,4,2
1255,1,2,1,4,4
1256,3,3,1,4,3
1257,2,3,3,1,3
1258,1,2,2,3,4
1259,1,1,3,4,2
1260,2,0,0,2,1
1261,1,3,1,0,1
1262,2,4,0,1,1
1263,1,3,3,4,1
1264,4,2,0,2,0
1265,0,3,0,1,2
1266,1,4,1,3,0
1267,1,1,3,1,1
1268,1,0,4,1,0
1269,1,3,1,3,0
1270,4,3,0,0,4
1271,4,3,3,3,4
1272,1,0,0,0,1
1273,2,4,2,2,0
1274,1,1,3,3,4
1275,0,1,0,0,4
1276,2,3,4,0,0
1277,0,3,4,1,4
1278,0,4,4,1,1
1279,4,0,0,1,0
1280,3,4,1,0,2
1281,2,0,4,4,2
1282,0,2,3,0,4
1283,4,1,2,1,4
1284,1,0,1,4,3
1285,0,0,3,0,2
1286,0,0,2,0,1
1287,2,4,3,0,2
1288,4,3,0,2,2
1289,0,4,4,2,4
1290,3,2,3,3,4
1291,2,0,4,4,1
1292,2,3,4,2,1
1293,3,3,3,3,4
1294,1,4,0,3,4
1295,2,0,4,1,1
1296,1,0,2,1,1
1297,0,2,2,4,4
1298,0,0,0,0,0
1299,2,0,1,0,2
1300,2,0,4,4,4
1301,2,2,4,4,3
1302,0,3,1,4,1
1303,4,4,2,1,3
1304,4,1,2,0,3
1305,1,0,2,0,2
1306,0,3,4,0,3
1307,1,2,1,1,2
1308,1,0,3,4,1
1309,0,4,3,1,2
1310,3,2,2,3,2
1311,1,3,4,3,3
1312,4,0,0,3,4
1313,3,1,0,4,2
1314,0,4,2,3,2
1315,0,2,4,4,4
1316,1,0,1,1,0
1317,4,0,1,2,0
1318,3,3,1,3,3
1319,2,0,1,2,3
1320,0,3,3,0,3
1321,3,4,4,0,4
1322,0,3,4,3,3
1323,2,0,4,0,4
1324,2,2,0,2,4
1325,0,0,3,2,1
1326,4,3,3,1,3
1327,2,4,4,4,3
1328,3,4,3,3,1
1329,2,1,3,0,2
1330,0,0,4,3,0
1331,4,1,0,2,2
1332,4,1,0,3,0
1333,2,4,2,2,2
1334,4,2,1,1,2
1335,2,1,4,2,2
1336,3,4,0,0,4
1337,0,4,0,0,0
1338,3,4,0,3,0
1339,4,0,0,4,3
1340,1,0,2,3,4
1341,2,2,1,0,2
1342,4,0,0,2,3
1343,3,0,4,2,3
1344,0,2,4,4,0
1345,0,4,2,4,2
1346,4,1,0,1,3
1347,2,0,4,3,1
1348,1,0,0,4,4
1349,1,4,4,3,4
1350,1,0,4,1,0
1351,2,1,3,0,4
1352,3,2,0,3,0
1353,4,3,1,1,3
1354,2,3,1,4,4
1355,0,3,2,2,4
1356,3,1,0,1,3
1357,1,4,0,1,1
1358,4,2,0,1,2
1359,1,2,3,3,1
1360,1,2,4,1,3
1361,4,0,4,1,1
1362,4,2,2,0,3
1363,4,0,0,4,2
1364,0,0,1,3,4
1365,0,1,1,0,0
1366,1,2,0,3,0
1367,2,1,4,4,1
1368,3,1,2,1,0
1369,3,2,2,0,2
1370,2,3,3,2,4
1371,2,1,3,2,0
1372,2,4,3,2,3
1373,4,2,1,3,4
1374,0,3,1,1,3
1375,1,3,0,4,1
1376,0,1,3,2,2
1377,2,1,4,0,2
1378,2,3,0,4,1
1379,0,1,1,0,1
1380,1,2,1,4,2
1381,4,2,1,4,1
1382,2,3,4,3,2
1383,1,1,2,2,4
1384,2,3,1,2,2
1385,4,3,4,2,1
1386,0,4,4,2,3
1387,1,4,3,0,0
1388,4,1,1,1,0
1389,4,2,2,4,4
1390,2,2,2,1,4
1391,4,4,0,1,0
1392,1,0,2,0,2
1393,1,3,3,0,3
1394,1,3,3,4,2
1395,3,1,2,1,4
1396,0,4,2,4,2
1397,0,3,3,1,3
1398,3,2,2,3,1
1399,1,0,2,4,1
1400,1,1,1,1,3
1401,2,2,0,1,4
1402,1,1,2,3,1
1403,3,2,1,1,3
1404,2,0,1,3,4
1405,3,1,4,1,4
1406,3,1,2,2,2
1407,0,2,0,0,1
1408,3,2,1,2,2
1409,1,3,0,0,0
1410,2,2,4,2,4
1411,3,4,0,2,0
1412,3,3,4,3,2
1413,4,3,3,4,0
1414,0,4,4,1,2
1415,2,2,3,3,0
1416,2,0,2,3,2
1417,2,0,0,1,1
1418,3,3,2,1,1
1419,0,1,4,4,3
1420,0,0,1,1,0
1421,3,0,3,4,0
1422,3,3,4,3,2
1423,1,2,2,2,0
1424,4,0,4,4,3
1425,0,2,4,1,4
1426,3,3,0,3,0
1427,1,0,4,3,0
1428,0,3,3,2,3
1429,3,2,0,1,2
1430,1,1,3,2,2
1431,4,2,1,0,2
1432,1,1,4,1,3
1433,3,3,4,0,1
1434,3,4,2,4,0
1435,2,2,3,2,4
1436,0,4,3,2,1
1437,1,3,2,3,3
1438,2,3,2,1,0
1439,0,2,3,3,2
1440,4,3,0,4,1
1441,2,1,1,3,2
1442,2,0,0,1,2
1443,4,1,3,2,3
1444,0,3,4,4,4
1445,2,3,4,4,1
1446,1,4,4,0,3
1447,4,3,0,3,2
1448,1,4,2,2,2
1449,0,2,0,2,0
1450,4,0,1,1,4
1451,4,1,4,1,1
1452,4,1,1,1,3
1453,3,2,2,2,1
1454,3,4,4,2,1
1455,1,3,4,3,1
1456,3,1,2,4,3
1457,4,1,3,2,1
1458,3,3,2,4,0
1459,2,4,1,2,2
1460,2,3,3,4,4
1461,2,0,1,0,3
1462,4,4,4,3,4
1463,1,3,1,3,4
1464,2,4,1,3,1
1465,3,0,2,3,0
1466,0,0,3,1,0
1467,4,2,1,2,4
1468,1,3,4,2,1
1469,4,3,2,4,0
1470,4,4,2,4,3
1471,3,0,0,1,1
1472,2,0,2,1,3
1473,3,4,3,0,0
1474,1,4,3,0,3
1475,3,2,3,1,3
1476,1,0,4,4,3
1477,2,4,1,0,3
1478,2,2,1,2,2
1479,0,1,2,2,2
1480,1,2,4,4,4
1481,0,4,0,1,1
1482,2,1,2,1,0
1483,3,2,2,4,4
1484,4,1,2,0,4
1485,4,4,4,0,3
1486,2,0,0,2,3
1487,2,0,0,2,4
1488,3,1,0,4,2
1489,3,2,4,1,1
1490,4,0,3,0,1
1491,0,0,4,2,4
1492,2,3,1,2,3
1493,1,2,1,4,2
1494,0,2,4,3,1
1495,2,2,2,4,3
1496,0,1,0,2,4
1497,3,1,0,3,0
1498,2,0,2,3,4
1499,4,2,2,0,0
1500,0,4,4,4,3
1501,3,4,0,1,1
1502,2,0,1,2,2
1503,0,0,0,0,2
1504,1,2,2,3,4
1505,2,0,2,1,1
1506,2,1,2,4,2
1507,2,2,2,3,2
1508,4,4,0,3,0
1509,3,2,4,1,3
1510,1,0,0,2,4
1511,0,4,3,4,3
1512,0,2,3,3,2
1513,2,2,1,4,0
1514,2,3,3,3,3
1515,4,3,4,4,4
1516,3,1,0,3,1
1517,4,1,2,0,3
1518,2,1,1,3,0
1519,1,0,1,1,1
1520,3,0,1,1,0
1521,0,4,3,0,1
1522,4,3,3,4,1
1523,0,4,4,0,4
1524,3,3,0,1,4
1525,2,2,1,1,0
1526,0,2,1,0,2
1527,0,3,2,4,2
1528,0,4,3,1,3
1529,4,2,1,1,1
1530,3,0,3,0,4
1531,0,0,0,3,4
1532,3,4,3,2,4
1533,3,2,3,0,4
1534,2,0,1,2,3
1535,0,4,1,4,3
1536,0,1,1,2,2
1537,3,3,3,1,1
1538,3,1,4,0,0
1539,4,4,0,1,0
1540,4,0,3,2,1
1541,4,3,0,4,4
1542,4,4,1,0,4
1543,4,4,4,2,4
1544,0,1,0,4,4
1545,4,1,4,4,0
1546,0,1,1,2,2
1547,2,4,0,1,2
1548,3,1,2,4,2
1549,2,1,1,2,1
1550,3,4,4,0,1
1551,2,4,0,3,3
1552,0,0,4,1,2
1553,1,1,4,2,3
1554,1,1,3,0,2
1555,3,1,2,1,2
1556,0,2,0,4,3
1557,0,2,2,0,3
1558,4,3,3,2,0
1559,3,3,4,0,4
1560,1,3,2,1,3
1561,1,2,2,1,3
1562,1,3,3,4,1
1563,1,1,4,0,2
1564,2,2,2,3,1
1565,3,0,4,3,4
1566,4,2,1,0,3
1567,1,4,2,0,0
1568,1,3,2,3,2
1569,4,4,2,3,2
1570,3,1,3,2,0
1571,2,3,0,4,4
1572,1,2,3,0,1
1573,2,4,3,4,2
1574,2,1,3,4,2
1575,3,0,2,3,0
1576,3,1,1,0,3
1577,4,2,4,2,1
1578,3,0,1,3,0
1579,0,0,0,4,3
1580,2,1,4,0,1
1581,1,4,3,2,1
1582,3,4,0,1,0
1583,0,1,4,3,3
1584,3,3,0,3,4
1585,0,4,1,0,0
1586,2,2,0,1,1
1587,1,3,1,3,2
1588,4,1,0,1,4
1589,1,4,0,3,3
1590,1,2,4,4,1
1591,1,4,2,2,1
1592,0,2,4,2,4
1593,0,3,4,2,1
1594,4,3,3,4,0
1595,1,2,2,3,1
1596,4,0,1,4,0
1597,1,1,2,3,4
1598,0,0,3,4,0
1599,4,4,2,4,2
1600,3,0,0,0,0
1601,0,4,4,1,1
1602,1,1,3,4,4
1603,2,3,4,1,4
1604,2,1,2,4,2
1605,1,0,2,1,3
1606,0,2,1,4,4
1607,4,4,1,3,0
1608,2,4,1,0,1
1609,4,2,1,4,2
1610,4,2,2,4,3
1611,1,0,2,0,0
1612,2,2,1,4,4
1613,0,2,0,1,1
1614,2,0,1,0,1
1615,0,0,2,1,2
1616,1,2,0,2,0
1617,4,2,3,0,4
1618,1,2,3,0,4
1619,4,2,3,0,3
1620,3,0,1,2,0
1621,1,3,2,3,0
1622,2,1,4,4,1
1623,1,3,3,1,1
1624,1,3,2,1,4
1625,2,0,2,1,3
1626,4,3,0,3,3
1627,4,2,3,3,3
1628,0,0,2,0,0
1629,0,1,1,1,0
1630,4,4,3,0,4
1631,1,4,4,1,4
1632,0,1,1,0,0
1633,4,0,3,2,1
1634,3,4,0,1,3
1635,2,1,2,4,1
1636,0,2,0,3,4
1637,2,4,0,0,4
1638,3,1,0,0,2
1639,3,3,1,3,2
1640,2,0,4,2,4
1641,4,3,4,3,3
1642,3,0,1,1,0
1643,4,0,2,2,0
1644,4,3,4,3,0
1645,3,1,2,2,0
1646,1,0,4,3,1
1647,0,2,1,4,4
1648,2,0,3,3,2
1649,3,3,3,1,0
1650,1,0,0,2,3
1651,2,0,0,2,2
1652,4,1,3,2,1
1653,0,0,4,4,1
1654,4,2,0,0,4
1655,3,1,1,0,1
1656,0,2,3,1,3
1657,0,0,2,3,0
1658,3,0,1,1,0
1659,1,3,3,0,3
1660,4,4,3,0,0
1661,3,4,0,3,3
1662,1,4,3,0,2
1663,2,2,2,2,0
1664,2,4,3,3,2
1665,0,3,1,0,4
1666,3,3,3,2,0
1667,2,3,1,0,2
1668,2,3,1,1,0
1669,3,3,2,3,2
1670,0,0,0,3,1
1671,1,3,4,2,2
1672,4,1,4,3,2
1673,3,4,1,0,2
1674,0,4,4,3,1
1675,1,3,1,0,3
1676,1,0,1,4,0
1677,0,4,4,2,4
1678,3,1,1,3,2
1679,1,3,0,2,0
1680,2,1,4,1,3
1681,1,3,2,1,4
1682,3,0,4,4,1
1683,2,1,2,3,2
1684,4,3,4,1,2
1685,1,1,1,0,4
1686,1,1,0,2,3
1687,2,1,0,2,2
1688,1,2,3,0,2
1689,4,1,4,2,3
1690,4,2,0,1,2
1691,0,4,0,4,4
1692,4,1,4,1,4
1693,1,3,4,4,0
1694,0,2,0,1,4
1695,2,0,3,2,0
1696,3,1,3,4,1
1697,0,2,1,3,3
1698,3,4,0,1,3
1699,0,4,0,4,1
