model,label,bin,n,mean_predicted,observed_rate
BR-LR-unweighted,FIBR_PREDS,1,170,0.014989037414605309,0.023529411764705882
BR-LR-unweighted,FIBR_PREDS,2,170,0.026528773483263133,0.041176470588235294
BR-LR-unweighted,FIBR_PREDS,3,170,0.035626713624554496,0.03529411764705882
BR-LR-unweighted,FIBR_PREDS,4,170,0.046840180756469986,0.041176470588235294
BR-LR-unweighted,FIBR_PREDS,5,170,0.059455842983962635,0.06470588235294118
BR-LR-unweighted,FIBR_PREDS,6,170,0.0747830454687844,0.10588235294117647
BR-LR-unweighted,FIBR_PREDS,7,170,0.09571607639018732,0.08235294117647059
BR-LR-unweighted,FIBR_PREDS,8,170,0.12352952658465309,0.1588235294117647
BR-LR-unweighted,FIBR_PREDS,9,170,0.17285047973051454,0.16470588235294117
BR-LR-unweighted,FIBR_PREDS,10,170,0.3702028480985132,0.2823529411764706
BR-LR-unweighted,PREDS_TAH,1,170,0.0020327586095417816,0.01764705882352941
BR-LR-unweighted,PREDS_TAH,2,170,0.0038060884275333334,0.01764705882352941
BR-LR-unweighted,PREDS_TAH,3,170,0.005242994639167512,0.011764705882352941
BR-LR-unweighted,PREDS_TAH,4,170,0.006629369942777689,0.0
BR-LR-unweighted,PREDS_TAH,5,170,0.008393389516617505,0.011764705882352941
BR-LR-unweighted,PREDS_TAH,6,170,0.010552624561166915,0.0058823529411764705
BR-LR-unweighted,PREDS_TAH,7,170,0.01317406120422472,0.0058823529411764705
BR-LR-unweighted,PREDS_TAH,8,170,0.01691553622021611,0.01764705882352941
BR-LR-unweighted,PREDS_TAH,9,170,0.02321671987115615,0.011764705882352941
BR-LR-unweighted,PREDS_TAH,10,170,0.052272998605369304,0.01764705882352941
BR-LR-unweighted,JELUD_TAH,1,170,0.0010668997305193276,0.0
BR-LR-unweighted,JELUD_TAH,2,170,0.003051627709147668,0.0058823529411764705
BR-LR-unweighted,JELUD_TAH,3,170,0.005079965408785828,0.0
BR-LR-unweighted,JELUD_TAH,4,170,0.007378984028183444,0.011764705882352941
BR-LR-unweighted,JELUD_TAH,5,170,0.01034953184223864,0.0058823529411764705
BR-LR-unweighted,JELUD_TAH,6,170,0.01403379901690758,0.01764705882352941
BR-LR-unweighted,JELUD_TAH,7,170,0.01968566031570298,0.029411764705882353
BR-LR-unweighted,JELUD_TAH,8,170,0.029046116599891866,0.03529411764705882
BR-LR-unweighted,JELUD_TAH,9,170,0.04921693074005212,0.06470588235294118
BR-LR-unweighted,JELUD_TAH,10,170,0.1380340278884085,0.07647058823529412
BR-LR-unweighted,FIBR_JELUD,1,170,0.005305125362433441,0.011764705882352941
BR-LR-unweighted,FIBR_JELUD,2,170,0.009592329449030648,0.01764705882352941
BR-LR-unweighted,FIBR_JELUD,3,170,0.01326137482935878,0.041176470588235294
BR-LR-unweighted,FIBR_JELUD,4,170,0.017285445025765893,0.01764705882352941
BR-LR-unweighted,FIBR_JELUD,5,170,0.02233268383549735,0.052941176470588235
BR-LR-unweighted,FIBR_JELUD,6,170,0.029236784370437325,0.01764705882352941
BR-LR-unweighted,FIBR_JELUD,7,170,0.038613356378168574,0.03529411764705882
BR-LR-unweighted,FIBR_JELUD,8,170,0.05308858112825387,0.052941176470588235
BR-LR-unweighted,FIBR_JELUD,9,170,0.07851130470809835,0.08823529411764706
BR-LR-unweighted,FIBR_JELUD,10,170,0.1675214430532621,0.08235294117647059
BR-LR-unweighted,A_V_BLOK,1,170,0.0019936838742837626,0.0058823529411764705
BR-LR-unweighted,A_V_BLOK,2,170,0.0043942940280467845,0.0058823529411764705
BR-LR-unweighted,A_V_BLOK,3,170,0.006539177583580321,0.011764705882352941
BR-LR-unweighted,A_V_BLOK,4,170,0.009025715476510855,0.011764705882352941
BR-LR-unweighted,A_V_BLOK,5,170,0.012227344162425012,0.01764705882352941
BR-LR-unweighted,A_V_BLOK,6,170,0.016141410366557456,0.023529411764705882
BR-LR-unweighted,A_V_BLOK,7,170,0.0226974668745455,0.023529411764705882
BR-LR-unweighted,A_V_BLOK,8,170,0.03390485557555174,0.041176470588235294
BR-LR-unweighted,A_V_BLOK,9,170,0.0589651939248247,0.029411764705882353
BR-LR-unweighted,A_V_BLOK,10,170,0.18602612608713243,0.16470588235294117
BR-LR-unweighted,OTEK_LANC,1,170,0.01684062954002738,0.041176470588235294
BR-LR-unweighted,OTEK_LANC,2,170,0.028616335506770747,0.023529411764705882
BR-LR-unweighted,OTEK_LANC,3,170,0.038442123847581944,0.058823529411764705
BR-LR-unweighted,OTEK_LANC,4,170,0.049018221121815905,0.06470588235294118
BR-LR-unweighted,OTEK_LANC,5,170,0.06108348364195803,0.06470588235294118
BR-LR-unweighted,OTEK_LANC,6,170,0.07649896033906939,0.12941176470588237
BR-LR-unweighted,OTEK_LANC,7,170,0.0951112309920122,0.09411764705882353
BR-LR-unweighted,OTEK_LANC,8,170,0.12377080045715248,0.1
BR-LR-unweighted,OTEK_LANC,9,170,0.16775400173278415,0.1588235294117647
BR-LR-unweighted,OTEK_LANC,10,170,0.2969363200417176,0.2
BR-LR-unweighted,RAZRIV,1,170,0.0006753285736489296,0.0
BR-LR-unweighted,RAZRIV,2,170,0.0018089247146900686,0.0058823529411764705
BR-LR-unweighted,RAZRIV,3,170,0.0033662456763322683,0.011764705882352941
BR-LR-unweighted,RAZRIV,4,170,0.005716866539244217,0.0
BR-LR-unweighted,RAZRIV,5,170,0.008810466913756127,0.011764705882352941
BR-LR-unweighted,RAZRIV,6,170,0.01371074761278465,0.041176470588235294
BR-LR-unweighted,RAZRIV,7,170,0.020980273334288656,0.023529411764705882
BR-LR-unweighted,RAZRIV,8,170,0.03402503513803576,0.023529411764705882
BR-LR-unweighted,RAZRIV,9,170,0.0643739344684704,0.07058823529411765
BR-LR-unweighted,RAZRIV,10,170,0.19776180772911853,0.12941176470588237
BR-LR-unweighted,DRESSLER,1,170,0.004907041987080557,0.0058823529411764705
BR-LR-unweighted,DRESSLER,2,170,0.012094625464705742,0.03529411764705882
BR-LR-unweighted,DRESSLER,3,170,0.017806786139595555,0.011764705882352941
BR-LR-unweighted,DRESSLER,4,170,0.023195938129289446,0.029411764705882353
BR-LR-unweighted,DRESSLER,5,170,0.02927632225385398,0.07647058823529412
BR-LR-unweighted,DRESSLER,6,170,0.035591300191374735,0.052941176470588235
BR-LR-unweighted,DRESSLER,7,170,0.04390206187660218,0.047058823529411764
BR-LR-unweighted,DRESSLER,8,170,0.05757161288282169,0.047058823529411764
BR-LR-unweighted,DRESSLER,9,170,0.07858075326887577,0.047058823529411764
BR-LR-unweighted,DRESSLER,10,170,0.16278611668433327,0.08823529411764706
BR-LR-unweighted,ZSN,1,170,0.06645588525064973,0.08823529411764706
BR-LR-unweighted,ZSN,2,170,0.10603525920881345,0.12941176470588237
BR-LR-unweighted,ZSN,3,170,0.13199725986475747,0.15294117647058825
BR-LR-unweighted,ZSN,4,170,0.15546104712550488,0.1588235294117647
BR-LR-unweighted,ZSN,5,170,0.18083036084812795,0.18823529411764706
BR-LR-unweighted,ZSN,6,170,0.21056716200672923,0.22941176470588234
BR-LR-unweighted,ZSN,7,170,0.24814769775699316,0.27647058823529413
BR-LR-unweighted,ZSN,8,170,0.29925628159642836,0.34705882352941175
BR-LR-unweighted,ZSN,9,170,0.37429980837856974,0.32941176470588235
BR-LR-unweighted,ZSN,10,170,0.5525888597066917,0.4176470588235294
BR-LR-unweighted,REC_IM,1,170,0.017025480369076973,0.047058823529411764
BR-LR-unweighted,REC_IM,2,170,0.0311786177259092,0.047058823529411764
BR-LR-unweighted,REC_IM,3,170,0.04216366803380584,0.06470588235294118
BR-LR-unweighted,REC_IM,4,170,0.05291475821162768,0.07058823529411765
BR-LR-unweighted,REC_IM,5,170,0.06620044091471002,0.08235294117647059
BR-LR-unweighted,REC_IM,6,170,0.08218398020067977,0.07647058823529412
BR-LR-unweighted,REC_IM,7,170,0.10182803786032192,0.07647058823529412
BR-LR-unweighted,REC_IM,8,170,0.12922214248249986,0.14705882352941177
BR-LR-unweighted,REC_IM,9,170,0.1658640868052673,0.11176470588235295
BR-LR-unweighted,REC_IM,10,170,0.26604802148386963,0.21176470588235294
BR-LR-unweighted,P_IM_STEN,1,170,0.010333892089662995,0.023529411764705882
BR-LR-unweighted,P_IM_STEN,2,170,0.023431855097715292,0.029411764705882353
BR-LR-unweighted,P_IM_STEN,3,170,0.034872442818950335,0.06470588235294118
BR-LR-unweighted,P_IM_STEN,4,170,0.04747266672938893,0.047058823529411764
BR-LR-unweighted,P_IM_STEN,5,170,0.0604441263222596,0.041176470588235294
BR-LR-unweighted,P_IM_STEN,6,170,0.07744334488736213,0.1
BR-LR-unweighted,P_IM_STEN,7,170,0.09812681970657,0.12352941176470589
BR-LR-unweighted,P_IM_STEN,8,170,0.12448618323100688,0.10588235294117647
BR-LR-unweighted,P_IM_STEN,9,170,0.16704753543853376,0.1588235294117647
BR-LR-unweighted,P_IM_STEN,10,170,0.2511792891435293,0.17647058823529413
BR-LR-unweighted,LET_IS,1,170,0.00753569073973617,0.01764705882352941
BR-LR-unweighted,LET_IS,2,170,0.016398847416079842,0.01764705882352941
BR-LR-unweighted,LET_IS,3,170,0.02687743685990324,0.023529411764705882
BR-LR-unweighted,LET_IS,4,170,0.040462110287945274,0.03529411764705882
BR-LR-unweighted,LET_IS,5,170,0.05921994974532173,0.07058823529411765
BR-LR-unweighted,LET_IS,6,170,0.0842536961222788,0.09411764705882353
BR-LR-unweighted,LET_IS,7,170,0.1265727896318377,0.1588235294117647
BR-LR-unweighted,LET_IS,8,170,0.19800595808586824,0.21764705882352942
BR-LR-unweighted,LET_IS,9,170,0.3399177277254589,0.3176470588235294
BR-LR-unweighted,LET_IS,10,170,0.7139051466031392,0.6411764705882353
